<?xml version="1.0" encoding="UTF-8"?>

 

<ActueleVertrekTijden>

	<VertrekkendeTrein>
		<RitNummer>1739</RitNummer>
		<VertrekTijd>2015-09-21T11:36:00+0200</VertrekTijd>
		
		
		<EindBestemming>Enschede</EindBestemming>
		<TreinSoort>Intercity</TreinSoort>
		
			<RouteTekst>Amersfoort, Apeldoorn, Deventer</RouteTekst>
		
		
			<Vervoerder>NS</Vervoerder>
		
		<VertrekSpoor wijziging="false">9</VertrekSpoor>
		
		
	</VertrekkendeTrein>

	<VertrekkendeTrein>
		<RitNummer>839</RitNummer>
		<VertrekTijd>2015-09-21T11:38:00+0200</VertrekTijd>
		
		
		<EindBestemming>Maastricht</EindBestemming>
		<TreinSoort>Intercity</TreinSoort>
		
			<RouteTekst>s-Hertogenbosch, Eindhoven, Weert</RouteTekst>
		
		
			<Vervoerder>NS</Vervoerder>
		
		<VertrekSpoor wijziging="false">15</VertrekSpoor>
		
		
	</VertrekkendeTrein>

	<VertrekkendeTrein>
		<RitNummer>3139</RitNummer>
		<VertrekTijd>2015-09-21T11:38:00+0200</VertrekTijd>
		
		
		<EindBestemming>Nijmegen</EindBestemming>
		<TreinSoort>Intercity</TreinSoort>
		
			<RouteTekst>Driebergen-Zeist, Ede-Wageningen, Arnhem</RouteTekst>
		
		
			<Vervoerder>NS</Vervoerder>
		
		<VertrekSpoor wijziging="false">14</VertrekSpoor>
		
		
	</VertrekkendeTrein>

	<VertrekkendeTrein>
		<RitNummer>4938</RitNummer>
		<VertrekTijd>2015-09-21T11:40:00+0200</VertrekTijd>
		
		
		<EindBestemming>Almere Oostvaarders</EindBestemming>
		<TreinSoort>Sprinter</TreinSoort>
		
			<RouteTekst>Overvecht, Hilversum, Naarden-B</RouteTekst>
		
		
			<Vervoerder>NS</Vervoerder>
		
		<VertrekSpoor wijziging="false">3</VertrekSpoor>
		
			<ReisTip>Stopt niet in Hollandsche Rading en Hilversum Media Park</ReisTip>
		
		
	</VertrekkendeTrein>

	<VertrekkendeTrein>
		<RitNummer>3034</RitNummer>
		<VertrekTijd>2015-09-21T11:40:00+0200</VertrekTijd>
		
		
		<EindBestemming>Den Helder</EindBestemming>
		<TreinSoort>Intercity</TreinSoort>
		
			<RouteTekst>Amstel, Amsterdam C., A'dam Sloterdijk</RouteTekst>
		
		
			<Vervoerder>NS</Vervoerder>
		
		<VertrekSpoor wijziging="false">5</VertrekSpoor>
		
		
	</VertrekkendeTrein>

	<VertrekkendeTrein>
		<RitNummer>16041</RitNummer>
		<VertrekTijd>2015-09-21T11:41:00+0200</VertrekTijd>
		
		
		<EindBestemming>Breda</EindBestemming>
		<TreinSoort>Sprinter</TreinSoort>
		
			<RouteTekst>Houten, Geldermalsen, s-Hertogenbosch</RouteTekst>
		
		
			<Vervoerder>NS</Vervoerder>
		
		<VertrekSpoor wijziging="false">21</VertrekSpoor>
		
		
	</VertrekkendeTrein>

	<VertrekkendeTrein>
		<RitNummer>7439</RitNummer>
		<VertrekTijd>2015-09-21T11:43:00+0200</VertrekTijd>
		
		
		<EindBestemming>Rhenen</EindBestemming>
		<TreinSoort>Sprinter</TreinSoort>
		
			<RouteTekst>Maarn, Veenendaal C.</RouteTekst>
		
		
			<Vervoerder>NS</Vervoerder>
		
		<VertrekSpoor wijziging="false">14</VertrekSpoor>
		
		
	</VertrekkendeTrein>

	<VertrekkendeTrein>
		<RitNummer>3536</RitNummer>
		<VertrekTijd>2015-09-21T11:43:00+0200</VertrekTijd>
		
		
		<EindBestemming>Schiphol</EindBestemming>
		<TreinSoort>Intercity</TreinSoort>
		
			<RouteTekst>Bijlmer ArenA, A'dam Zuid</RouteTekst>
		
		
			<Vervoerder>NS</Vervoerder>
		
		<VertrekSpoor wijziging="false">7</VertrekSpoor>
		
		
	</VertrekkendeTrein>

	<VertrekkendeTrein>
		<RitNummer>2034</RitNummer>
		<VertrekTijd>2015-09-21T11:44:00+0200</VertrekTijd>
		
		
		<EindBestemming>Den Haag Centraal</EindBestemming>
		<TreinSoort>Intercity</TreinSoort>
		
			<RouteTekst>Gouda</RouteTekst>
		
		
			<Vervoerder>NS</Vervoerder>
		
		<VertrekSpoor wijziging="false">20</VertrekSpoor>
		
		
	</VertrekkendeTrein>

	<VertrekkendeTrein>
		<RitNummer>7434</RitNummer>
		<VertrekTijd>2015-09-21T11:47:00+0200</VertrekTijd>
		
		
		<EindBestemming>Breukelen</EindBestemming>
		<TreinSoort>Sprinter</TreinSoort>
		
		
			<Vervoerder>NS</Vervoerder>
		
		<VertrekSpoor wijziging="false">5</VertrekSpoor>
		
		
	</VertrekkendeTrein>

	<VertrekkendeTrein>
		<RitNummer>12534</RitNummer>
		<VertrekTijd>2015-09-21T11:47:00+0200</VertrekTijd>
		
			<VertrekVertraging>PT10M</VertrekVertraging>
		
		
			<VertrekVertragingTekst>+10 min</VertrekVertragingTekst>
		
		<EindBestemming>Rotterdam Centraal</EindBestemming>
		<TreinSoort>Intercity</TreinSoort>
		
			<RouteTekst>Gouda, Alexander</RouteTekst>
		
		
			<Vervoerder>NS</Vervoerder>
		
		<VertrekSpoor wijziging="true">11</VertrekSpoor>
		
		
	</VertrekkendeTrein>

	<VertrekkendeTrein>
		<RitNummer>539</RitNummer>
		<VertrekTijd>2015-09-21T11:50:00+0200</VertrekTijd>
		
		
		<EindBestemming>Groningen</EindBestemming>
		<TreinSoort>Intercity</TreinSoort>
		
			<RouteTekst>Amersfoort, Zwolle, Assen</RouteTekst>
		
		
			<Vervoerder>NS</Vervoerder>
		
		<VertrekSpoor wijziging="false">9a</VertrekSpoor>
		
		
	</VertrekkendeTrein>

	<VertrekkendeTrein>
		<RitNummer>6134</RitNummer>
		<VertrekTijd>2015-09-21T11:50:00+0200</VertrekTijd>
		
		
		<EindBestemming>Woerden</EindBestemming>
		<TreinSoort>Sprinter</TreinSoort>
		
		
			<Vervoerder>NS</Vervoerder>
		
		<VertrekSpoor wijziging="false">20</VertrekSpoor>
		
		
	</VertrekkendeTrein>

	<VertrekkendeTrein>
		<RitNummer>5639</RitNummer>
		<VertrekTijd>2015-09-21T11:50:00+0200</VertrekTijd>
		
		
		<EindBestemming>Zwolle</EindBestemming>
		<TreinSoort>Sprinter</TreinSoort>
		
			<RouteTekst>Overvecht, Den Dolder, Amersfoort</RouteTekst>
		
		
			<Vervoerder>NS</Vervoerder>
		
		<VertrekSpoor wijziging="false">2</VertrekSpoor>
		
		
	</VertrekkendeTrein>

	<VertrekkendeTrein>
		<RitNummer>3539</RitNummer>
		<VertrekTijd>2015-09-21T11:53:00+0200</VertrekTijd>
		
		
		<EindBestemming>Heerlen</EindBestemming>
		<TreinSoort>Intercity</TreinSoort>
		
			<RouteTekst>s-Hertogenbosch, Eindhoven, Weert</RouteTekst>
		
		
			<Vervoerder>NS</Vervoerder>
		
		<VertrekSpoor wijziging="false">15</VertrekSpoor>
		
		
	</VertrekkendeTrein>

	<VertrekkendeTrein>
		<RitNummer>8836</RitNummer>
		<VertrekTijd>2015-09-21T11:53:00+0200</VertrekTijd>
		
		
		<EindBestemming>Leiden Centraal</EindBestemming>
		<TreinSoort>Intercity</TreinSoort>
		
			<RouteTekst>Woerden, Alphen a/d Rijn, Lammenschans</RouteTekst>
		
		
			<Vervoerder>NS</Vervoerder>
		
		<VertrekSpoor wijziging="false">11</VertrekSpoor>
		
		
	</VertrekkendeTrein>

	<VertrekkendeTrein>
		<RitNummer>3039</RitNummer>
		<VertrekTijd>2015-09-21T11:53:00+0200</VertrekTijd>
		
		
		<EindBestemming>Nijmegen</EindBestemming>
		<TreinSoort>Intercity</TreinSoort>
		
			<RouteTekst>De Klomp, Ede-Wageningen, Arnhem</RouteTekst>
		
		
			<Vervoerder>NS</Vervoerder>
		
		<VertrekSpoor wijziging="false">14</VertrekSpoor>
		
		
	</VertrekkendeTrein>

	<VertrekkendeTrein>
		<RitNummer>836</RitNummer>
		<VertrekTijd>2015-09-21T11:55:00+0200</VertrekTijd>
		
		
		<EindBestemming>Alkmaar</EindBestemming>
		<TreinSoort>Intercity</TreinSoort>
		
			<RouteTekst>Amstel, Amsterdam C., A'dam Sloterdijk</RouteTekst>
		
		
			<Vervoerder>NS</Vervoerder>
		
		<VertrekSpoor wijziging="false">7</VertrekSpoor>
		
		
	</VertrekkendeTrein>

	<VertrekkendeTrein>
		<RitNummer>5738</RitNummer>
		<VertrekTijd>2015-09-21T11:55:00+0200</VertrekTijd>
		
		
		<EindBestemming>Weesp</EindBestemming>
		<TreinSoort>Sprinter</TreinSoort>
		
			<RouteTekst>Overvecht, Hilversum</RouteTekst>
		
		
			<Vervoerder>NS</Vervoerder>
		
		<VertrekSpoor wijziging="false">3</VertrekSpoor>
		
		
	</VertrekkendeTrein>

	<VertrekkendeTrein>
		<RitNummer>6041</RitNummer>
		<VertrekTijd>2015-09-21T11:57:00+0200</VertrekTijd>
		
		
		<EindBestemming>Tiel</EindBestemming>
		<TreinSoort>Sprinter</TreinSoort>
		
			<RouteTekst>Houten, Geldermalsen</RouteTekst>
		
		
			<Vervoerder>NS</Vervoerder>
		
		<VertrekSpoor wijziging="false">21</VertrekSpoor>
		
		
	</VertrekkendeTrein>

	<VertrekkendeTrein>
		<RitNummer>3136</RitNummer>
		<VertrekTijd>2015-09-21T11:58:00+0200</VertrekTijd>
		
		
		<EindBestemming>Schiphol</EindBestemming>
		<TreinSoort>Intercity</TreinSoort>
		
			<RouteTekst>Bijlmer ArenA, A'dam Zuid</RouteTekst>
		
		
			<Vervoerder>NS</Vervoerder>
		
		<VertrekSpoor wijziging="false">5</VertrekSpoor>
		
		
	</VertrekkendeTrein>

	<VertrekkendeTrein>
		<RitNummer>11736</RitNummer>
		<VertrekTijd>2015-09-21T11:59:00+0200</VertrekTijd>
		
		
		<EindBestemming>Den Haag Centraal</EindBestemming>
		<TreinSoort>Intercity</TreinSoort>
		
			<RouteTekst>Gouda</RouteTekst>
		
		
			<Vervoerder>NS</Vervoerder>
		
		<VertrekSpoor wijziging="true">8a</VertrekSpoor>
		
		
	</VertrekkendeTrein>

	<VertrekkendeTrein>
		<RitNummer>2836</RitNummer>
		<VertrekTijd>2015-09-21T12:02:00+0200</VertrekTijd>
		
		
		<EindBestemming>Rotterdam Centraal</EindBestemming>
		<TreinSoort>Intercity</TreinSoort>
		
			<RouteTekst>Gouda, Alexander</RouteTekst>
		
		
			<Vervoerder>NS</Vervoerder>
		
		<VertrekSpoor wijziging="true">8b</VertrekSpoor>
		
		
	</VertrekkendeTrein>

	<VertrekkendeTrein>
		<RitNummer>9836</RitNummer>
		<VertrekTijd>2015-09-21T12:05:00+0200</VertrekTijd>
		
		
		<EindBestemming>Den Haag Centraal</EindBestemming>
		<TreinSoort>Sprinter</TreinSoort>
		
			<RouteTekst>Woerden, Gouda, Zoetermeer</RouteTekst>
		
		
			<Vervoerder>NS</Vervoerder>
		
		<VertrekSpoor wijziging="false">20</VertrekSpoor>
		
		
	</VertrekkendeTrein>

	<VertrekkendeTrein>
		<RitNummer>11739</RitNummer>
		<VertrekTijd>2015-09-21T12:06:00+0200</VertrekTijd>
		
		
		<EindBestemming>Amersfoort Schothorst</EindBestemming>
		<TreinSoort>Intercity</TreinSoort>
		
			<RouteTekst>Amersfoort</RouteTekst>
		
		
			<Vervoerder>NS</Vervoerder>
		
		<VertrekSpoor wijziging="false">9</VertrekSpoor>
		
		
	</VertrekkendeTrein>

	<VertrekkendeTrein>
		<RitNummer>5541</RitNummer>
		<VertrekTijd>2015-09-21T12:06:00+0200</VertrekTijd>
		
		
		<EindBestemming>Baarn</EindBestemming>
		<TreinSoort>Sprinter</TreinSoort>
		
			<RouteTekst>Overvecht, Den Dolder, Soest</RouteTekst>
		
		
			<Vervoerder>NS</Vervoerder>
		
		<VertrekSpoor wijziging="false">1</VertrekSpoor>
		
		
	</VertrekkendeTrein>

	<VertrekkendeTrein>
		<RitNummer>841</RitNummer>
		<VertrekTijd>2015-09-21T12:08:00+0200</VertrekTijd>
		
		
		<EindBestemming>Maastricht</EindBestemming>
		<TreinSoort>Intercity</TreinSoort>
		
			<RouteTekst>s-Hertogenbosch, Eindhoven, Weert</RouteTekst>
		
		
			<Vervoerder>NS</Vervoerder>
		
		<VertrekSpoor wijziging="false">15</VertrekSpoor>
		
		
	</VertrekkendeTrein>

	<VertrekkendeTrein>
		<RitNummer>3141</RitNummer>
		<VertrekTijd>2015-09-21T12:08:00+0200</VertrekTijd>
		
		
		<EindBestemming>Nijmegen</EindBestemming>
		<TreinSoort>Intercity</TreinSoort>
		
			<RouteTekst>Driebergen-Zeist, Ede-Wageningen, Arnhem</RouteTekst>
		
		
			<Vervoerder>NS</Vervoerder>
		
		<VertrekSpoor wijziging="false">14</VertrekSpoor>
		
		
	</VertrekkendeTrein>

	<VertrekkendeTrein>
		<RitNummer>4940</RitNummer>
		<VertrekTijd>2015-09-21T12:10:00+0200</VertrekTijd>
		
		
		<EindBestemming>Almere Oostvaarders</EindBestemming>
		<TreinSoort>Sprinter</TreinSoort>
		
			<RouteTekst>Overvecht, Hilversum, Naarden-B</RouteTekst>
		
		
			<Vervoerder>NS</Vervoerder>
		
		<VertrekSpoor wijziging="false">3</VertrekSpoor>
		
			<ReisTip>Stopt niet in Hollandsche Rading en Hilversum Media Park</ReisTip>
		
		
	</VertrekkendeTrein>

	<VertrekkendeTrein>
		<RitNummer>3036</RitNummer>
		<VertrekTijd>2015-09-21T12:10:00+0200</VertrekTijd>
		
		
		<EindBestemming>Den Helder</EindBestemming>
		<TreinSoort>Intercity</TreinSoort>
		
			<RouteTekst>Amstel, Amsterdam C., A'dam Sloterdijk</RouteTekst>
		
		
			<Vervoerder>NS</Vervoerder>
		
		<VertrekSpoor wijziging="false">5</VertrekSpoor>
		
		
	</VertrekkendeTrein>

	<VertrekkendeTrein>
		<RitNummer>16043</RitNummer>
		<VertrekTijd>2015-09-21T12:11:00+0200</VertrekTijd>
		
		
		<EindBestemming>Breda</EindBestemming>
		<TreinSoort>Sprinter</TreinSoort>
		
			<RouteTekst>Houten, Geldermalsen, s-Hertogenbosch</RouteTekst>
		
		
			<Vervoerder>NS</Vervoerder>
		
		<VertrekSpoor wijziging="false">21</VertrekSpoor>
		
		
	</VertrekkendeTrein>

	<VertrekkendeTrein>
		<RitNummer>3538</RitNummer>
		<VertrekTijd>2015-09-21T12:13:00+0200</VertrekTijd>
		
		
		<EindBestemming>Schiphol</EindBestemming>
		<TreinSoort>Intercity</TreinSoort>
		
			<RouteTekst>Bijlmer ArenA, A'dam Zuid</RouteTekst>
		
		
			<Vervoerder>NS</Vervoerder>
		
		<VertrekSpoor wijziging="false">7</VertrekSpoor>
		
		
	</VertrekkendeTrein>

	<VertrekkendeTrein>
		<RitNummer>2036</RitNummer>
		<VertrekTijd>2015-09-21T12:14:00+0200</VertrekTijd>
		
		
		<EindBestemming>Den Haag Centraal</EindBestemming>
		<TreinSoort>Intercity</TreinSoort>
		
			<RouteTekst>Gouda</RouteTekst>
		
		
			<Vervoerder>NS</Vervoerder>
		
		<VertrekSpoor wijziging="false">20</VertrekSpoor>
		
		
	</VertrekkendeTrein>

	<VertrekkendeTrein>
		<RitNummer>7441</RitNummer>
		<VertrekTijd>2015-09-21T12:14:00+0200</VertrekTijd>
		
		
		<EindBestemming>Rhenen</EindBestemming>
		<TreinSoort>Sprinter</TreinSoort>
		
			<RouteTekst>Maarn, Veenendaal C.</RouteTekst>
		
		
			<Vervoerder>NS</Vervoerder>
		
		<VertrekSpoor wijziging="false">14</VertrekSpoor>
		
		
	</VertrekkendeTrein>

	<VertrekkendeTrein>
		<RitNummer>7436</RitNummer>
		<VertrekTijd>2015-09-21T12:17:00+0200</VertrekTijd>
		
		
		<EindBestemming>Breukelen</EindBestemming>
		<TreinSoort>Sprinter</TreinSoort>
		
		
			<Vervoerder>NS</Vervoerder>
		
		<VertrekSpoor wijziging="false">5</VertrekSpoor>
		
		
	</VertrekkendeTrein>

	<VertrekkendeTrein>
		<RitNummer>536</RitNummer>
		<VertrekTijd>2015-09-21T12:17:00+0200</VertrekTijd>
		
		
		<EindBestemming>Rotterdam Centraal</EindBestemming>
		<TreinSoort>Intercity</TreinSoort>
		
			<RouteTekst>Gouda, Alexander</RouteTekst>
		
		
			<Vervoerder>NS</Vervoerder>
		
		<VertrekSpoor wijziging="false">8</VertrekSpoor>
		
		
	</VertrekkendeTrein>

	<VertrekkendeTrein>
		<RitNummer>12541</RitNummer>
		<VertrekTijd>2015-09-21T12:20:00+0200</VertrekTijd>
		
		
		<EindBestemming>Leeuwarden</EindBestemming>
		<TreinSoort>Intercity</TreinSoort>
		
			<RouteTekst>Amersfoort, Zwolle, Steenwijk</RouteTekst>
		
		
			<Vervoerder>NS</Vervoerder>
		
		<VertrekSpoor wijziging="false">9</VertrekSpoor>
		
		
	</VertrekkendeTrein>

	<VertrekkendeTrein>
		<RitNummer>6136</RitNummer>
		<VertrekTijd>2015-09-21T12:20:00+0200</VertrekTijd>
		
		
		<EindBestemming>Woerden</EindBestemming>
		<TreinSoort>Sprinter</TreinSoort>
		
		
			<Vervoerder>NS</Vervoerder>
		
		<VertrekSpoor wijziging="false">20</VertrekSpoor>
		
		
	</VertrekkendeTrein>

	<VertrekkendeTrein>
		<RitNummer>5641</RitNummer>
		<VertrekTijd>2015-09-21T12:20:00+0200</VertrekTijd>
		
		
		<EindBestemming>Zwolle</EindBestemming>
		<TreinSoort>Sprinter</TreinSoort>
		
			<RouteTekst>Overvecht, Den Dolder, Amersfoort</RouteTekst>
		
		
			<Vervoerder>NS</Vervoerder>
		
		<VertrekSpoor wijziging="false">2</VertrekSpoor>
		
		
	</VertrekkendeTrein>

	<VertrekkendeTrein>
		<RitNummer>3541</RitNummer>
		<VertrekTijd>2015-09-21T12:23:00+0200</VertrekTijd>
		
		
		<EindBestemming>Heerlen</EindBestemming>
		<TreinSoort>Intercity</TreinSoort>
		
			<RouteTekst>s-Hertogenbosch, Eindhoven, Weert</RouteTekst>
		
		
			<Vervoerder>NS</Vervoerder>
		
		<VertrekSpoor wijziging="false">15</VertrekSpoor>
		
		
	</VertrekkendeTrein>

	<VertrekkendeTrein>
		<RitNummer>8838</RitNummer>
		<VertrekTijd>2015-09-21T12:23:00+0200</VertrekTijd>
		
		
		<EindBestemming>Leiden Centraal</EindBestemming>
		<TreinSoort>Intercity</TreinSoort>
		
			<RouteTekst>Woerden, Alphen a/d Rijn, Lammenschans</RouteTekst>
		
		
			<Vervoerder>NS</Vervoerder>
		
		<VertrekSpoor wijziging="false">11</VertrekSpoor>
		
		
	</VertrekkendeTrein>

	<VertrekkendeTrein>
		<RitNummer>3041</RitNummer>
		<VertrekTijd>2015-09-21T12:23:00+0200</VertrekTijd>
		
		
		<EindBestemming>Nijmegen</EindBestemming>
		<TreinSoort>Intercity</TreinSoort>
		
			<RouteTekst>De Klomp, Ede-Wageningen, Arnhem</RouteTekst>
		
		
			<Vervoerder>NS</Vervoerder>
		
		<VertrekSpoor wijziging="false">14</VertrekSpoor>
		
		
	</VertrekkendeTrein>

	<VertrekkendeTrein>
		<RitNummer>838</RitNummer>
		<VertrekTijd>2015-09-21T12:25:00+0200</VertrekTijd>
		
		
		<EindBestemming>Alkmaar</EindBestemming>
		<TreinSoort>Intercity</TreinSoort>
		
			<RouteTekst>Amstel, Amsterdam C., A'dam Sloterdijk</RouteTekst>
		
		
			<Vervoerder>NS</Vervoerder>
		
		<VertrekSpoor wijziging="false">7</VertrekSpoor>
		
		
	</VertrekkendeTrein>

	<VertrekkendeTrein>
		<RitNummer>5740</RitNummer>
		<VertrekTijd>2015-09-21T12:25:00+0200</VertrekTijd>
		
		
		<EindBestemming>Weesp</EindBestemming>
		<TreinSoort>Sprinter</TreinSoort>
		
			<RouteTekst>Overvecht, Hilversum</RouteTekst>
		
		
			<Vervoerder>NS</Vervoerder>
		
		<VertrekSpoor wijziging="false">3</VertrekSpoor>
		
		
	</VertrekkendeTrein>

	<VertrekkendeTrein>
		<RitNummer>6043</RitNummer>
		<VertrekTijd>2015-09-21T12:27:00+0200</VertrekTijd>
		
		
		<EindBestemming>Tiel</EindBestemming>
		<TreinSoort>Sprinter</TreinSoort>
		
			<RouteTekst>Houten, Geldermalsen</RouteTekst>
		
		
			<Vervoerder>NS</Vervoerder>
		
		<VertrekSpoor wijziging="false">21</VertrekSpoor>
		
		
	</VertrekkendeTrein>

	<VertrekkendeTrein>
		<RitNummer>3138</RitNummer>
		<VertrekTijd>2015-09-21T12:28:00+0200</VertrekTijd>
		
		
		<EindBestemming>Schiphol</EindBestemming>
		<TreinSoort>Intercity</TreinSoort>
		
			<RouteTekst>Bijlmer ArenA, A'dam Zuid</RouteTekst>
		
		
			<Vervoerder>NS</Vervoerder>
		
		<VertrekSpoor wijziging="false">5</VertrekSpoor>
		
		
	</VertrekkendeTrein>

	<VertrekkendeTrein>
		<RitNummer>1738</RitNummer>
		<VertrekTijd>2015-09-21T12:29:00+0200</VertrekTijd>
		
		
		<EindBestemming>Den Haag Centraal</EindBestemming>
		<TreinSoort>Intercity</TreinSoort>
		
			<RouteTekst>Gouda</RouteTekst>
		
		
			<Vervoerder>NS</Vervoerder>
		
		<VertrekSpoor wijziging="true">8a</VertrekSpoor>
		
		
	</VertrekkendeTrein>

	<VertrekkendeTrein>
		<RitNummer>2838</RitNummer>
		<VertrekTijd>2015-09-21T12:32:00+0200</VertrekTijd>
		
		
		<EindBestemming>Rotterdam Centraal</EindBestemming>
		<TreinSoort>Intercity</TreinSoort>
		
			<RouteTekst>Gouda, Alexander</RouteTekst>
		
		
			<Vervoerder>NS</Vervoerder>
		
		<VertrekSpoor wijziging="true">8b</VertrekSpoor>
		
		
	</VertrekkendeTrein>

	<VertrekkendeTrein>
		<RitNummer>9838</RitNummer>
		<VertrekTijd>2015-09-21T12:35:00+0200</VertrekTijd>
		
		
		<EindBestemming>Den Haag Centraal</EindBestemming>
		<TreinSoort>Sprinter</TreinSoort>
		
			<RouteTekst>Woerden, Gouda, Zoetermeer</RouteTekst>
		
		
			<Vervoerder>NS</Vervoerder>
		
		<VertrekSpoor wijziging="false">20</VertrekSpoor>
		
		
	</VertrekkendeTrein>

	<VertrekkendeTrein>
		<RitNummer>5543</RitNummer>
		<VertrekTijd>2015-09-21T12:36:00+0200</VertrekTijd>
		
		
		<EindBestemming>Baarn</EindBestemming>
		<TreinSoort>Sprinter</TreinSoort>
		
			<RouteTekst>Overvecht, Den Dolder, Soest</RouteTekst>
		
		
			<Vervoerder>NS</Vervoerder>
		
		<VertrekSpoor wijziging="false">1</VertrekSpoor>
		
		
	</VertrekkendeTrein>

</ActueleVertrekTijden>